Workbook

Sheet Home
B2: Employee Performance & Annual Work Plan Management System
B4: Single source of truth for annual task planning, RAG risk monitoring, and standardized multi-dimensional performance evaluation.
B6: Quick Navigation
B8: Global Parameters (Admin) | G8: Employee Master Data
B10: Annual Task Plan | G10: Performance Evaluation
B12: Employee Performance Profile | G12: Executive Dashboard
B14: Individual Performance Report | G14: Power BI Data Interface
C16: for input cells
B18: Standard Operating Procedure
B19: 1. Maintain Employee Master data - append new hires at the bottom of Employee_Master.
B20: 2. Enter the annual task plan in Task_Master - task weights per employee should sum to 100%.
B21: 3. Update Progress % and Actual Finish Date in Task_Master monthly - RAG status recalculates automatically.
B22: 4. At period end, score each completed task on 5 dimensions in Evaluation.
B23: 5. Select the employee in Executive_Report and export to PDF for the performance conversation.
B25: System Requirements & Limits
B26: Requires Microsoft 365 or Excel 2021+ (dynamic array engine: LET / LAMBDA / MAP / XLOOKUP).
B27: Supports up to 10,000 tasks and 1,000 employees at full performance.
B28: Cells shaded light yellow are manual entry areas; white/gray cells are formula-generated - never overwrite them.
B30: Version Log
B31: Version | C31: Date | D31: Description
B32: v1.0 | C32: 2026-07-23 | D32: Initial system build from architecture spec.

Sheet Lookup_Settings
B1: Lookup_Settings - Global Parameters & Assumptions Layer (Admin-Only)
B3: Evaluation Dimension | C3: Weight
B4: Quality | C4: 0.3 | E4: All weights, RAG thresholds, and the currency symbol are referenced by formula throughout the workbook (e.g. Lookup_Settings!$C$9). Change a value here once and every dependent sheet updates automatically - never hardcode these values on another sheet.
B5: Timeliness | C5: 0.2
B6: Accuracy | C6: 0.2
B7: Completion | C7: 0.2
B8: Documentation | C8: 0.1
B9: Weight Check Total | C9: =SUM(C4:C8) -> 1
B11: RAG Yellow Warning Threshold (Days) | C11: 7
B12: Default Currency Symbol | C12: $
B13: Max Score Base | C13: 100

Sheet Employee_Summary
B1: Employee Performance Summary
B2: EMP-001 | D2: Name | E2: Department | F2: Position | G2: Manager
B3: Select an Employee ID above to load the performance profile. | D3: {=_xlfn.XLOOKUP(B2,Employee_Master!A2:A1000,_xlfn.HSTACK(Employee_Master!B2:B1000,Employee_Master!C2:C1000,Employee_Master!D2:D1000),"Employee not found")} -> Alice Chen | E3: Finance | F3: CFO
B5: Overall Weighted Performance Score | C5: {=_xlfn.LET(_xlpm.emp_tasks,_xlfn._xlws.FILTER(Task_Master!A2:J10000,Task_Master!B2:B10000=B2,""),_xlpm.task_ids,INDEX(_xlpm.emp_tasks,,1),_xlpm.weights,INDEX(_xlpm.emp_tasks,,6),_xlpm.scores,_xlfn.MAP(_xlpm.task_ids,_xlfn.LAMBDA(_xlpm.tid,_xlfn.XLOOKUP(_xlpm.tid,Calculation_Engine!A2:A10000,Calculation_Engine!F2:F10000,0))),IF(ISERROR(SUMPRODUCT(_xlpm.weights,_xlpm.scores)),0,SUMPRODUCT(_xlpm.weights,_xlpm.scores)))} -> 55.56
B9: Task ID | C9: Task Name | D9: Weight | E9: Start Date | F9: Due Date | G9: Progress % | H9: Status | I9: RAG Status | J9: Final Score
B10: {=_xlfn.LET(_xlpm.raw_data,_xlfn._xlws.FILTER(_xlfn.HSTACK(Task_Master!A2:A10000,Task_Master!E2:E10000,Task_Master!F2:F10000,Task_Master!G2:G10000,Task_Master!H2:H10000,Task_Master!J2:J10000,Calculation_Engine!C2:C10000,Calculation_Engine!E2:E10000,Calculation_Engine!F2:F10000),Task_Master!B2:B10000=B2,"No matching tasks"),_xlpm.raw_data)} -> TSK-2026-001 | C10: Annual Budget Planning | D10: 0.6 | E10: 46027 | F10: 46112 | G10: 1 | H10: Completed | I10: GREEN - ON TRACK | J10: 92.6
B11: TSK-2026-002 | C11: Board Reporting Framework | D11: 0.4 | E11: 46113 | F11: 46249 | G11: 0.5 | H11: In Progress | I11: GREEN - ON TRACK | J11: 0

Sheet Executive_Dashboard
B1: Executive Dashboard - Organization Performance Overview
B3: Overall Completion Rate | D3: Red-Alert Overdue Tasks | F3: Total Tasks Tracked | H3: Yellow-Alert Tasks Due Soon
B4: =AVERAGE(Task_Master!J2:J10000) -> 0.6875 | D4: =COUNTIF(Calculation_Engine!E2:E10000,"RED - OVERDUE") -> 5 | F4: =COUNTA(Task_Master!A2:A10000) -> 24 | H4: =COUNTIF(Calculation_Engine!E2:E10000,"YELLOW - DUE SOON") -> 3
B8: Department Performance & Risk Matrix
B9: {=_xlfn.LET(_xlpm.depts,_xlfn.UNIQUE(_xlfn._xlws.FILTER(Employee_Master!C2:C1000,Employee_Master!C2:C1000<>"")),_xlpm.total_tasks,_xlfn.MAP(_xlpm.depts,_xlfn.LAMBDA(_xlpm.d,COUNTIF(Task_Master!D2:D10000,_xlpm.d))),_xlpm.avg_progress,_xlfn.MAP(_xlpm.depts,_xlfn.LAMBDA(_xlpm.d,AVERAGEIFS(Task_Master!J2:J10000,Task_Master!D2:D10000,_xlpm.d))),_xlpm.red_count,_xlfn.MAP(_xlpm.depts,_xlfn.LAMBDA(_xlpm.d,COUNTIFS(Task_Master!D2:D10000,_xlpm.d,Calculation_Engine!E2:E10000,"RED - OVERDUE"))),_xlfn.VSTACK({"Department","Total Tasks","Avg Progress %","Red-Alert Count"},_xlfn.HSTACK(_xlpm.depts,_xlpm.total_tasks,_xlpm.avg_progress,_xlpm.red_count)))} -> Department | C9: Total Tasks | D9: Avg Progress % | E9: Red-Alert Count
B10: Finance | C10: 6 | D10: 0.76666667 | E10: 1
B11: Sales | C11: 5 | D11: 0.71 | E11: 1
B12: Engineering | C12: 7 | D12: 0.62142857 | E12: 2
B13: HR | C13: 4 | D13: 0.6625 | E13: 1
B14: Operations | C14: 2 | D14: 0.675 | E14: 0
B17: Monthly Task Progress Trend (by Plan Due Month)
B18: {=_xlfn.LET(_xlpm.months,_xlfn._xlws.SORT(_xlfn.UNIQUE(_xlfn._xlws.FILTER(MONTH(Task_Master!H2:H10000),Task_Master!A2:A10000<>""))),_xlpm.avg_col,_xlfn.MAP(_xlpm.months,_xlfn.LAMBDA(_xlpm.m,_xlfn.LET(_xlpm.mo,MONTH(Task_Master!H2:H10000),_xlpm.mask,(_xlpm.mo=_xlpm.m)*(Task_Master!A2:A10000<>""),IF(SUM(_xlpm.mask)=0,0,SUMPRODUCT(_xlpm.mask,Task_Master!J2:J10000)/SUM(_xlpm.mask))))),_xlfn.VSTACK({"Month","Avg Progress %"},_xlfn.HSTACK(_xlpm.months,_xlpm.avg_col)))} -> Month | C18: Avg Progress %
B19: 2 | C19: 1
B20: 3 | C20: 1
B21: 5 | C21: 0.8
B22: 6 | C22: 0.8
B23: 7 | C23: 0.80833333
B24: 8 | C24: 0.43333333
B25: 9 | C25: 0.3
B26: 10 | C26: 0.35
B27: 12 | C27: 0.425
B32: RAG Distribution
B33: GREEN - ON TRACK | C33: =COUNTIF(Calculation_Engine!$E$2:$E$10000,"GREEN - ON TRACK") -> 16
B34: YELLOW - DUE SOON | C34: =COUNTIF(Calculation_Engine!$E$2:$E$10000,"YELLOW - DUE SOON") -> 3
B35: RED - OVERDUE | C35: =COUNTIF(Calculation_Engine!$E$2:$E$10000,"RED - OVERDUE") -> 5

Sheet Executive_Report
B1: Employee Performance Report | E1: ="Generated: "&TEXT(NOW(),"YYYY-MM-DD") -> Generated: 2026-07-23
B2: Select Employee ID
B4: EMP-001 | C4: Name | D4: Department | E4: Position | F4: Manager
C5: {=_xlfn.XLOOKUP(B4,Employee_Master!A2:A1000,Employee_Master!B2:B1000,"Employee not found")} -> Alice Chen | D5: {=_xlfn.XLOOKUP(B4,Employee_Master!A2:A1000,Employee_Master!C2:C1000,"")} -> Finance | E5: {=_xlfn.XLOOKUP(B4,Employee_Master!A2:A1000,Employee_Master!D2:D1000,"")} -> CFO | F5: {=_xlfn.XLOOKUP(B4,Employee_Master!A2:A1000,Employee_Master!F2:F1000,"")}
B7: Performance Summary
B8: Weighted Annual Score | C8: {=_xlfn.LET(_xlpm.emp_tasks,_xlfn._xlws.FILTER(Task_Master!A2:J10000,Task_Master!B2:B10000=B4,""),_xlpm.task_ids,INDEX(_xlpm.emp_tasks,,1),_xlpm.weights,INDEX(_xlpm.emp_tasks,,6),_xlpm.scores,_xlfn.MAP(_xlpm.task_ids,_xlfn.LAMBDA(_xlpm.tid,_xlfn.XLOOKUP(_xlpm.tid,Calculation_Engine!A2:A10000,Calculation_Engine!F2:F10000,0))),IF(ISERROR(SUMPRODUCT(_xlpm.weights,_xlpm.scores)),0,SUMPRODUCT(_xlpm.weights,_xlpm.scores)))} -> 55.56 | D8: Completion Rate | E8: {=_xlfn.LET(_xlpm.t,_xlfn._xlws.FILTER(Task_Master!J2:J10000,Task_Master!B2:B10000=B4,""),IF(ISERROR(AVERAGE(_xlpm.t)),0,AVERAGE(_xlpm.t)))} -> 0.75
B9: Manager Comments | C9: {=_xlfn.LET(_xlpm.tids,_xlfn._xlws.FILTER(Task_Master!A2:A10000,Task_Master!B2:B10000=B4,""),_xlpm.cmts,_xlfn.MAP(_xlpm.tids,_xlfn.LAMBDA(_xlpm.tid,_xlfn.XLOOKUP(_xlpm.tid,Evaluation!B2:B10000,Evaluation!J2:J10000,""))),_xlfn.TEXTJOIN(" | ",TRUE,_xlpm.cmts))} -> Delivered a comprehensive budget with strong stakeholder alignment.
B15: Task Breakdown
B16: Task ID | C16: Task Name | D16: Weight | E16: Quality | F16: Timeliness | G16: Accuracy | H16: Completion | I16: Documentation | J16: Final Score
B17: {=_xlfn.LET(_xlpm.emp_id,Executive_Report!$B$4,_xlpm.emp_tasks,_xlfn._xlws.FILTER(Task_Master!A2:A10000,Task_Master!B2:B10000=_xlpm.emp_id,"NO_TASKS_FOUND"),IF(INDEX(_xlpm.emp_tasks,1)="NO_TASKS_FOUND","No task details available",_xlfn.LET(_xlpm.t_name,_xlfn.MAP(_xlpm.emp_tasks,_xlfn.LAMBDA(_xlpm.tid,_xlfn.XLOOKUP(_xlpm.tid,Task_Master!A2:A10000,Task_Master!E2:E10000,""))),_xlpm.t_weight,_xlfn.MAP(_xlpm.emp_tasks,_xlfn.LAMBDA(_xlpm.tid,_xlfn.XLOOKUP(_xlpm.tid,Task_Master!A2:A10000,Task_Master!F2:F10000,0))),_xlpm.quality,_xlfn.MAP(_xlpm.emp_tasks,_xlfn.LAMBDA(_xlpm.tid,_xlfn.XLOOKUP(_xlpm.tid,Evaluation!B2:B10000,Evaluation!C2:C10000,0))),_xlpm.timeliness,_xlfn.MAP(_xlpm.emp_tasks,_xlfn.LAMBDA(_xlpm.tid,_xlfn.XLOOKUP(_xlpm.tid,Evaluation!B2:B10000,Evaluation!D2:D10000,0))),_xlpm.accuracy,_xlfn.MAP(_xlpm.emp_tasks,_xlfn.LAMBDA(_xlpm.tid,_xlfn.XLOOKUP(_xlpm.tid,Evaluation!B2:B10000,Evaluation!E2:E10000,0))),_xlpm.completion,_xlfn.MAP(_xlpm.emp_tasks,_xlfn.LAMBDA(_xlpm.tid,_xlfn.XLOOKUP(_xlpm.tid,Evaluation!B2:B10000,Evaluation!F2:F10000,0))),_xlpm.doc,_xlfn.MAP(_xlpm.emp_tasks,_xlfn.LAMBDA(_xlpm.tid,_xlfn.XLOOKUP(_xlpm.tid,Evaluation!B2:B10000,Evaluation!G2:G10000,0))),_xlpm.final_score,_xlfn.MAP(_xlpm.emp_tasks,_xlfn.LAMBDA(_xlpm.tid,_xlfn.XLOOKUP(_xlpm.tid,Calculation_Engine!A2:A10000,Calculation_Engine!F2:F10000,0))),_xlfn.HSTACK(_xlpm.emp_tasks,_xlpm.t_name,_xlpm.t_weight,_xlpm.quality,_xlpm.timeliness,_xlpm.accuracy,_xlpm.completion,_xlpm.doc,_xlpm.final_score))))} -> TSK-2026-001 | C17: Annual Budget Planning | D17: 0.6 | E17: 92 | F17: 88 | G17: 95 | H17: 97 | I17: 90 | J17: 92.6
B18: TSK-2026-002 | C18: Board Reporting Framework | D18: 0.4 | E18: 0 | F18: 0 | G18: 0 | H18: 0 | I18: 0 | J18: 0

Sheet PowerBI_Data
A1: Task ID | B1: Emp ID | C1: Emp Name | D1: Department | E1: Task Name | F1: Task Weight | G1: Plan Due Date | H1: Progress % | I1: Task Status | J1: RAG Status | K1: Final Score
A2: {=_xlfn.LET(_xlpm.valid_rows,_xlfn._xlws.FILTER(Task_Master!A2:J10000,Task_Master!A2:A10000<>""),_xlpm.t_id,INDEX(_xlpm.valid_rows,,1),_xlpm.e_id,INDEX(_xlpm.valid_rows,,2),_xlpm.e_name,INDEX(_xlpm.valid_rows,,3),_xlpm.dept,INDEX(_xlpm.valid_rows,,4),_xlpm.t_name,INDEX(_xlpm.valid_rows,,5),_xlpm.weight,INDEX(_xlpm.valid_rows,,6),_xlpm.due_date,INDEX(_xlpm.valid_rows,,8),_xlpm.prog,INDEX(_xlpm.valid_rows,,10),_xlpm.status,_xlfn.MAP(_xlpm.t_id,_xlfn.LAMBDA(_xlpm.id,_xlfn.XLOOKUP(_xlpm.id,Calculation_Engine!A2:A10000,Calculation_Engine!C2:C10000,""))),_xlpm.rag,_xlfn.MAP(_xlpm.t_id,_xlfn.LAMBDA(_xlpm.id,_xlfn.XLOOKUP(_xlpm.id,Calculation_Engine!A2:A10000,Calculation_Engine!E2:E10000,""))),_xlpm.score,_xlfn.MAP(_xlpm.t_id,_xlfn.LAMBDA(_xlpm.id,_xlfn.XLOOKUP(_xlpm.id,Calculation_Engine!A2:A10000,Calculation_Engine!F2:F10000,0))),_xlfn.HSTACK(_xlpm.t_id,_xlpm.e_id,_xlpm.e_name,_xlpm.dept,_xlpm.t_name,_xlpm.weight,_xlpm.due_date,_xlpm.prog,_xlpm.status,_xlpm.rag,_xlpm.score))} -> TSK-2026-001 | B2: EMP-001 | C2: Alice Chen | D2: Finance | E2: Annual Budget Planning | F2: 0.6 | G2: 46112 | H2: 1 | I2: Completed | J2: GREEN - ON TRACK | K2: 92.6
A3: TSK-2026-002 | B3: EMP-001 | C3: Alice Chen | D3: Finance | E3: Board Reporting Framework | F3: 0.4 | G3: 46249 | H3: 0.5 | I3: In Progress | J3: GREEN - ON TRACK | K3: 0
A4: TSK-2026-003 | B4: EMP-002 | C4: Bryan Lee | D4: Finance | E4: Q2 Financial Close | F4: 0.5 | G4: 46157 | H4: 1 | I4: Completed | J4: GREEN - ON TRACK | K4: 83.1
A5: TSK-2026-004 | B5: EMP-002 | C5: Bryan Lee | D5: Finance | E5: Cost Reduction Initiative | F5: 0.5 | G5: 46223 | H5: 0.8 | I5: Delayed | J5: RED - OVERDUE | K5: 0
A6: TSK-2026-005 | B6: EMP-003 | C6: Carla Wu | D6: Finance | E6: Monthly Variance Reports | F6: 0.4 | G6: 46387 | H6: 0.6 | I6: In Progress | J6: GREEN - ON TRACK | K6: 0
A7: TSK-2026-006 | B7: EMP-003 | C7: Carla Wu | D7: Finance | E7: Vendor Contract Audit | F7: 0.6 | G7: 46231 | H7: 0.7 | I7: In Progress | J7: YELLOW - DUE SOON | K7: 0
A8: TSK-2026-007 | B8: EMP-004 | C8: Derek Huang | D8: Sales | E8: FY26 Sales Strategy | F8: 1 | G8: 46081 | H8: 1 | I8: Completed | J8: GREEN - ON TRACK | K8: 92.8
A9: TSK-2026-008 | B9: EMP-005 | C9: Ella Fang | D9: Sales | E9: Regional Expansion Plan | F9: 0.5 | G9: 46228 | H9: 0.85 | I9: In Progress | J9: YELLOW - DUE SOON | K9: 0
A10: TSK-2026-009 | B10: EMP-005 | C10: Ella Fang | D10: Sales | E10: Team Onboarding Program | F10: 0.5 | G10: 46203 | H10: 0.4 | I10: Delayed | J10: RED - OVERDUE | K10: 0
A11: TSK-2026-010 | B11: EMP-006 | C11: Frank Lin | D11: Sales | E11: Enterprise Client Acquisition | F11: 0.6 | G11: 46295 | H11: 0.3 | I11: In Progress | J11: GREEN - ON TRACK | K11: 0
A12: TSK-2026-011 | B12: EMP-006 | C12: Frank Lin | D12: Sales | E12: CRM Data Cleanup | F12: 0.4 | G12: 46188 | H12: 1 | I12: Completed | J12: GREEN - ON TRACK | K12: 87.6
A13: TSK-2026-012 | B13: EMP-007 | C13: Grace Tan | D13: Engineering | E13: Platform Architecture Roadmap | F13: 1 | G13: 46371 | H13: 0.4 | I13: In Progress | J13: GREEN - ON TRACK | K13: 0
A14: TSK-2026-013 | B14: EMP-008 | C14: Henry Zhou | D14: Engineering | E14: Microservices Migration | F14: 0.6 | G14: 46235 | H14: 0.5 | I14: In Progress | J14: GREEN - ON TRACK | K14: 0
... A25: TSK-2026-024 | B25: EMP-014 | C25: Nathan Gu | D25: Operations | E25: Warehouse Inventory Audit | F25: 1 | G25: 46112 | H25: 1 | I25: Completed | J25: GREEN - ON TRACK | K25: 82.7

Sheet Employee_Master
A1: Employee ID | B1: Employee Name | C1: Department | D1: Position | E1: Manager ID | F1: Manager Name | G1: Hire Date | H1: Status
A2: EMP-001 | B2: Alice Chen | C2: Finance | D2: CFO | F2: {=_xlfn.MAP(E2:E1000,_xlfn.LAMBDA(_xlpm.m_id,IF(_xlpm.m_id="","",_xlfn.XLOOKUP(_xlpm.m_id,A2:A1000,B2:B1000,"Manager not found"))))} | G2: 43525 | H2: Active
A3: EMP-002 | B3: Bryan Lee | C3: Finance | D3: Finance Manager | E3: EMP-001 | F3: Alice Chen | G3: 43997 | H3: Active
A4: EMP-003 | B4: Carla Wu | C4: Finance | D4: Financial Analyst | E4: EMP-002 | F4: Bryan Lee | G4: 44571 | H4: Active
A5: EMP-004 | B5: Derek Huang | C5: Sales | D5: VP Sales | G5: 43344 | H5: Active
A6: EMP-005 | B6: Ella Fang | C6: Sales | D6: Sales Manager | E6: EMP-004 | F6: Derek Huang | G6: 44247 | H6: Active
A7: EMP-006 | B7: Frank Lin | C7: Sales | D7: Account Executive | E7: EMP-005 | F7: Ella Fang | G7: 45047 | H7: Active
A8: EMP-007 | B8: Grace Tan | C8: Engineering | D8: VP Engineering | G8: 43050 | H8: Active
A9: EMP-008 | B9: Henry Zhou | C9: Engineering | D9: Engineering Manager | E9: EMP-007 | F9: Grace Tan | G9: 43678 | H9: Active
A10: EMP-009 | B10: Ivy Xu | C10: Engineering | D10: Software Engineer | E10: EMP-008 | F10: Henry Zhou | G10: 44760 | H10: Active
A11: EMP-010 | B11: Jack Yang | C11: Engineering | D11: Software Engineer | E11: EMP-008 | F11: Henry Zhou | G11: 44935 | H11: Active
A12: EMP-011 | B12: Karen Wei | C12: HR | D12: HR Director | G12: 43194 | H12: Active
A13: EMP-012 | B13: Leo Sun | C13: HR | D13: HR Specialist | E13: EMP-011 | F13: Karen Wei | G13: 44494 | H13: Active
A14: EMP-013 | B14: Mona Peng | C14: Operations | D14: Ops Director | G14: 43800 | H14: Active
A15: EMP-014 | B15: Nathan Gu | C15: Operations | D15: Ops Analyst | E15: EMP-013 | F15: Mona Peng | G15: 45366 | H15: Inactive

Sheet Task_Master
A1: Task ID | B1: Employee ID | C1: Employee Name | D1: Department | E1: Task Name | F1: Task Weight | G1: Plan Start Date | H1: Plan Due Date | I1: Actual Finish Date | J1: Progress %
A2: TSK-2026-001 | B2: EMP-001 | C2: {=_xlfn.MAP(B2:B10000,_xlfn.LAMBDA(_xlpm.id,IF(_xlpm.id="","",_xlfn.XLOOKUP(_xlpm.id,Employee_Master!A2:A1000,Employee_Master!B2:B1000,"Unknown employee"))))} -> Alice Chen | D2: {=_xlfn.MAP(B2:B10000,_xlfn.LAMBDA(_xlpm.id,IF(_xlpm.id="","",_xlfn.XLOOKUP(_xlpm.id,Employee_Master!A2:A1000,Employee_Master!C2:C1000,"Unknown department"))))} -> Finance | E2: Annual Budget Planning | F2: 0.6 | G2: 46027 | H2: 46112 | I2: 46109 | J2: 1
A3: TSK-2026-002 | B3: EMP-001 | C3: Alice Chen | D3: Finance | E3: Board Reporting Framework | F3: 0.4 | G3: 46113 | H3: 46249 | J3: 0.5
A4: TSK-2026-003 | B4: EMP-002 | C4: Bryan Lee | D4: Finance | E4: Q2 Financial Close | F4: 0.5 | G4: 46113 | H4: 46157 | I4: 46162 | J4: 1
A5: TSK-2026-004 | B5: EMP-002 | C5: Bryan Lee | D5: Finance | E5: Cost Reduction Initiative | F5: 0.5 | G5: 46082 | H5: 46223 | J5: 0.8
A6: TSK-2026-005 | B6: EMP-003 | C6: Carla Wu | D6: Finance | E6: Monthly Variance Reports | F6: 0.4 | G6: 46023 | H6: 46387 | J6: 0.6
A7: TSK-2026-006 | B7: EMP-003 | C7: Carla Wu | D7: Finance | E7: Vendor Contract Audit | F7: 0.6 | G7: 46174 | H7: 46231 | J7: 0.7
A8: TSK-2026-007 | B8: EMP-004 | C8: Derek Huang | D8: Sales | E8: FY26 Sales Strategy | F8: 1 | G8: 46032 | H8: 46081 | I8: 46078 | J8: 1
A9: TSK-2026-008 | B9: EMP-005 | C9: Ella Fang | D9: Sales | E9: Regional Expansion Plan | F9: 0.5 | G9: 46054 | H9: 46228 | J9: 0.85
A10: TSK-2026-009 | B10: EMP-005 | C10: Ella Fang | D10: Sales | E10: Team Onboarding Program | F10: 0.5 | G10: 46082 | H10: 46203 | J10: 0.4
A11: TSK-2026-010 | B11: EMP-006 | C11: Frank Lin | D11: Sales | E11: Enterprise Client Acquisition | F11: 0.6 | G11: 46037 | H11: 46295 | J11: 0.3
A12: TSK-2026-011 | B12: EMP-006 | C12: Frank Lin | D12: Sales | E12: CRM Data Cleanup | F12: 0.4 | G12: 46143 | H12: 46188 | I12: 46183 | J12: 1
A13: TSK-2026-012 | B13: EMP-007 | C13: Grace Tan | D13: Engineering | E13: Platform Architecture Roadmap | F13: 1 | G13: 46023 | H13: 46371 | J13: 0.4
A14: TSK-2026-013 | B14: EMP-008 | C14: Henry Zhou | D14: Engineering | E14: Microservices Migration | F14: 0.6 | G14: 46054 | H14: 46235 | J14: 0.5
A15: TSK-2026-014 | B15: EMP-008 | C15: Henry Zhou | D15: Engineering | E15: CI/CD Pipeline Overhaul | F15: 0.4 | G15: 46082 | H15: 46213 | J15: 0.75
A16: TSK-2026-015 | B16: EMP-009 | C16: Ivy Xu | D16: Engineering | E16: API Gateway Implementation | F16: 0.5 | G16: 46113 | H16: 46229 | J16: 0.9
A17: TSK-2026-016 | B17: EMP-009 | C17: Ivy Xu | D17: Engineering | E17: Unit Test Coverage Improvement | F17: 0.5 | G17: 46023 | H17: 46112 | I17: 46111 | J17: 1
A18: TSK-2026-017 | B18: EMP-010 | C18: Jack Yang | D18: Engineering | E18: Bug Backlog Reduction | F18: 0.5 | G18: 46023 | H18: 46387 | J18: 0.2
A19: TSK-2026-018 | B19: EMP-010 | C19: Jack Yang | D19: Engineering | E19: Internal Tooling Dashboard | F19: 0.5 | G19: 46054 | H19: 46143 | J19: 0.6
A20: TSK-2026-019 | B20: EMP-011 | C20: Karen Wei | D20: HR | E20: Annual Compensation Review | F20: 0.6 | G20: 46023 | H20: 46203 | I20: 46201 | J20: 1
A21: TSK-2026-020 | B21: EMP-011 | C21: Karen Wei | D21: HR | E21: Employee Engagement Survey | F21: 0.4 | G21: 46143 | H21: 46264 | J21: 0.3
A22: TSK-2026-021 | B22: EMP-012 | C22: Leo Sun | D22: HR | E22: Onboarding Process Redesign | F22: 0.5 | G22: 46054 | H22: 46221 | J22: 0.85
A23: TSK-2026-022 | B23: EMP-012 | C23: Leo Sun | D23: HR | E23: Benefits Enrollment Support | F23: 0.5 | G23: 46023 | H23: 46387 | J23: 0.5
A24: TSK-2026-023 | B24: EMP-013 | C24: Mona Peng | D24: Operations | E24: Supply Chain Optimization | F24: 1 | G24: 46023 | H24: 46326 | J24: 0.35
A25: TSK-2026-024 | B25: EMP-014 | C25: Nathan Gu | D25: Operations | E25: Warehouse Inventory Audit | F25: 1 | G25: 46023 | H25: 46112 | I25: 46112 | J25: 1

Sheet Evaluation
A1: Eval ID | B1: Task ID | C1: Score: Quality | D1: Score: Timeliness | E1: Score: Accuracy | F1: Score: Completion | G1: Score: Documentation | H1: Weighted Task Score | I1: Evaluator ID | J1: Comments
A2: EV-2026-001 | B2: TSK-2026-001 | C2: 92 | D2: 88 | E2: 95 | F2: 97 | G2: 90 | H2: {=_xlfn.MAP(C2:C10000,D2:D10000,E2:E10000,F2:F10000,G2:G10000,B2:B10000,_xlfn.LAMBDA(_xlpm.q,_xlpm.t,_xlpm.a,_xlpm.c,_xlpm.d,_xlpm.tid,IF(_xlpm.tid="","",_xlpm.q*Lookup_Settings!$C$4+_xlpm.t*Lookup_Settings!$C$5+_xlpm.a*Lookup_Settings!$C$6+_xlpm.c*Lookup_Settings!$C$7+_xlpm.d*Lookup_Settings!$C$8)))} -> 92.6 | I2: EMP-000 | J2: Delivered a comprehensive budget with strong stakeholder alignment.
A3: EV-2026-002 | B3: TSK-2026-003 | C3: 85 | D3: 70 | E3: 90 | F3: 88 | G3: 80 | H3: 83.1 | I3: EMP-001 | J3: Solid close quality; timeliness slipped due to system migration delays.
A4: EV-2026-003 | B4: TSK-2026-007 | C4: 95 | D4: 93 | E4: 90 | F4: 96 | G4: 85 | H4: 92.8 | I4: EMP-000 | J4: Ambitious, well-researched strategy delivered ahead of schedule.
A5: EV-2026-004 | B5: TSK-2026-011 | C5: 88 | D5: 90 | E5: 85 | F5: 92 | G5: 78 | H5: 87.6 | I5: EMP-005 | J5: Thorough data cleanup; minor documentation gaps remain.
A6: EV-2026-005 | B6: TSK-2026-016 | C6: 90 | D6: 95 | E6: 93 | F6: 96 | G6: 88 | H6: 92.6 | I6: EMP-008 | J6: Exceeded coverage target with a clean, well-documented test suite.
A7: EV-2026-006 | B7: TSK-2026-019 | C7: 91 | D7: 89 | E7: 94 | F7: 95 | G7: 86 | H7: 91.5 | I7: EMP-000 | J7: Rigorous, market-aligned compensation review delivered on schedule.
A8: EV-2026-007 | B8: TSK-2026-024 | C8: 80 | D8: 84 | E8: 82 | F8: 90 | G8: 75 | H8: 82.7 | I8: EMP-013 | J8: Accurate audit; process documentation could be more detailed.

Sheet Calculation_Engine
A1: Task ID | B1: Employee ID | C1: Task Status | D1: Delay Days | E1: RAG Status | F1: Task Final Score | G1: Emp Weighted Perf
A2: {=Task_Master!A2:A10000} -> TSK-2026-001 | B2: {=Task_Master!B2:B10000} -> EMP-001 | C2: {=_xlfn.MAP(Task_Master!G2:G10000,Task_Master!H2:H10000,Task_Master!I2:I10000,Task_Master!J2:J10000,Task_Master!A2:A10000,_xlfn.LAMBDA(_xlpm.start_d,_xlpm.due_d,_xlpm.finish_d,_xlpm.prog,_xlpm.tid,IF(_xlpm.tid="","",IF(_xlpm.prog=1,"Completed",IF(TODAY()>_xlpm.due_d,"Delayed",IF(_xlpm.prog>0,"In Progress","Not Started"))))))} -> Completed | D2: {=_xlfn.MAP(Task_Master!H2:H10000,Task_Master!I2:I10000,Task_Master!J2:J10000,Task_Master!A2:A10000,_xlfn.LAMBDA(_xlpm.due_d,_xlpm.finish_d,_xlpm.prog,_xlpm.tid,IF(_xlpm.tid="",0,IF(_xlpm.prog=1,IF(_xlpm.finish_d>_xlpm.due_d,_xlpm.finish_d-_xlpm.due_d,0),IF(TODAY()>_xlpm.due_d,TODAY()-_xlpm.due_d,0)))))} -> 0 | E2: {=_xlfn.MAP(D2:D10000,Task_Master!H2:H10000,Task_Master!J2:J10000,Task_Master!A2:A10000,_xlfn.LAMBDA(_xlpm.delay,_xlpm.due_d,_xlpm.prog,_xlpm.tid,IF(_xlpm.tid="","",IF(_xlpm.prog=1,"GREEN - ON TRACK",IF(_xlpm.delay>0,"RED - OVERDUE",IF((_xlpm.due_d-TODAY())<=Lookup_Settings!$C$11,"YELLOW - DUE SOON","GREEN - ON TRACK"))))))} -> GREEN - ON TRACK | F2: {=_xlfn.MAP(Task_Master!A2:A10000,_xlfn.LAMBDA(_xlpm.tid,IF(_xlpm.tid="","",_xlfn.XLOOKUP(_xlpm.tid,Evaluation!B2:B10000,Evaluation!H2:H10000,0))))} -> 92.6 | G2: {=_xlfn.MAP(Task_Master!A2:A10000,Task_Master!F2:F10000,F2:F10000,_xlfn.LAMBDA(_xlpm.tid,_xlpm.w,_xlpm.s,IF(_xlpm.tid="","",_xlpm.w*_xlpm.s)))} -> 55.56
A3: TSK-2026-002 | B3: EMP-001 | C3: In Progress | D3: 0 | E3: GREEN - ON TRACK | F3: 0 | G3: 0
A4: TSK-2026-003 | B4: EMP-002 | C4: Completed | D4: 5 | E4: GREEN - ON TRACK | F4: 83.1 | G4: 41.55
A5: TSK-2026-004 | B5: EMP-002 | C5: Delayed | D5: 3 | E5: RED - OVERDUE | F5: 0 | G5: 0
A6: TSK-2026-005 | B6: EMP-003 | C6: In Progress | D6: 0 | E6: GREEN - ON TRACK | F6: 0 | G6: 0
A7: TSK-2026-006 | B7: EMP-003 | C7: In Progress | D7: 0 | E7: YELLOW - DUE SOON | F7: 0 | G7: 0
A8: TSK-2026-007 | B8: EMP-004 | C8: Completed | D8: 0 | E8: GREEN - ON TRACK | F8: 92.8 | G8: 92.8
A9: TSK-2026-008 | B9: EMP-005 | C9: In Progress | D9: 0 | E9: YELLOW - DUE SOON | F9: 0 | G9: 0
A10: TSK-2026-009 | B10: EMP-005 | C10: Delayed | D10: 23 | E10: RED - OVERDUE | F10: 0 | G10: 0
A11: TSK-2026-010 | B11: EMP-006 | C11: In Progress | D11: 0 | E11: GREEN - ON TRACK | F11: 0 | G11: 0
A12: TSK-2026-011 | B12: EMP-006 | C12: Completed | D12: 0 | E12: GREEN - ON TRACK | F12: 87.6 | G12: 35.04
A13: TSK-2026-012 | B13: EMP-007 | C13: In Progress | D13: 0 | E13: GREEN - ON TRACK | F13: 0 | G13: 0
A14: TSK-2026-013 | B14: EMP-008 | C14: In Progress | D14: 0 | E14: GREEN - ON TRACK | F14: 0 | G14: 0
... A25: TSK-2026-024 | B25: EMP-014 | C25: Completed | D25: 0 | E25: GREEN - ON TRACK | F25: 82.7 | G25: 82.7
A26: 0 | B26: 0 | D26: 0
A27: 0 | B27: 0 | D27: 0
A28: 0 | B28: 0 | D28: 0
A29: 0 | B29: 0 | D29: 0
A30: 0 | B30: 0 | D30: 0
A31: 0 | B31: 0 | D31: 0
A32: 0 | B32: 0 | D32: 0
A33: 0 | B33: 0 | D33: 0
A34: 0 | B34: 0 | D34: 0
A35: 0 | B35: 0 | D35: 0
A36: 0 | B36: 0 | D36: 0
A37: 0 | B37: 0 | D37: 0
... A10000: 0 | B10000: 0 | D10000: 0
